{"polyfill":["/polyfill-67664a8ccc6c9f02b880.js"],"app":["/app-4c40e0253dd9f6ba48dc.js"],"component---src-pages-404-js":["/component---src-pages-404-js-27981ca7dd461cb4280e.js"],"component---src-pages-about-js":["/component---src-pages-about-js-357da4d2363a1577e43e.js"],"component---src-pages-blog-js":["/component---src-pages-blog-js-79492fc87db8146fa8d3.js"],"component---src-pages-careers-js":["/component---src-pages-careers-js-de48eb4190b1e08dfb65.js"],"component---src-pages-contact-js":["/component---src-pages-contact-js-848b67c12866863d0525.js"],"component---src-pages-digital-transformation-js":["/component---src-pages-digital-transformation-js-ab09bf2d5812a1f10528.js"],"component---src-pages-index-js":["/component---src-pages-index-js-5fb10911a38397be4f1e.js"],"component---src-pages-mobedo-story-js":["/component---src-pages-mobedo-story-js-eac3037752f32e731b0f.js"],"component---src-pages-privacypolicy-js":["/component---src-pages-privacypolicy-js-9f1b6b432aadc36ba256.js"],"component---src-pages-shared-services-js":["/component---src-pages-shared-services-js-7faabd8d3c5887c303b9.js"],"component---src-pages-starategy-js":["/component---src-pages-starategy-js-9eb9c1246ea257bae3b1.js"],"component---src-pages-strategy-js":["/component---src-pages-strategy-js-85956e7ddccf50740d64.js"],"component---src-pages-technology-js":["/component---src-pages-technology-js-cde83eb7816a8fcbf9fd.js"],"component---src-pages-using-typescript-tsx":["/component---src-pages-using-typescript-tsx-2f9b97cf148785549d09.js"],"component---src-templates-blog-post-js":["/component---src-templates-blog-post-js-9c043c7c469e6886eb1e.js"]}