{"name":"build-javascript","namedChunkGroups":{"polyfill":{"name":"polyfill","assets":[{"name":"webpack-runtime-f0a7e9988d1d240ad455.js","size":6235},{"name":"polyfill-67664a8ccc6c9f02b880.js","size":85856}],"filteredAssets":0,"assetsSize":92091,"filteredAuxiliaryAssets":2,"auxiliaryAssetsSize":229857},"app":{"name":"app","assets":[{"name":"webpack-runtime-f0a7e9988d1d240ad455.js","size":6235},{"name":"framework-d91dc22f9c6070178d07.js","size":206120},{"name":"styles.96cd54c7fadcc17ec581.css","size":194443},{"name":"app-4c40e0253dd9f6ba48dc.js","size":69407}],"filteredAssets":0,"assetsSize":476205,"filteredAuxiliaryAssets":55,"auxiliaryAssetsSize":1901896},"component---src-pages-404-js":{"name":"component---src-pages-404-js","assets":[{"name":"9823def0f0e3e77a6a0a0a70a9634b9df29ec52f-cb5417298f917bb5188a.js","size":16205},{"name":"component---src-pages-404-js-27981ca7dd461cb4280e.js","size":548}],"filteredAssets":0,"assetsSize":16753,"filteredAuxiliaryAssets":2,"auxiliaryAssetsSize":69585},"component---src-pages-about-js":{"name":"component---src-pages-about-js","assets":[{"name":"framework-d91dc22f9c6070178d07.js","size":206120},{"name":"styles.96cd54c7fadcc17ec581.css","size":194443},{"name":"d5957709c26002ffb29a83b33063ab8ad5db6274-6c4c71f6d8e3710c6850.js","size":46149},{"name":"2a3314d782bb31842bfa8cb4a10c9f88dfb01d0c-d808a9bda9213c394dc2.js","size":58904},{"name":"component---src-pages-about-js-357da4d2363a1577e43e.js","size":10402}],"filteredAssets":0,"assetsSize":516018,"filteredAuxiliaryAssets":56,"auxiliaryAssetsSize":2109406},"component---src-pages-blog-js":{"name":"component---src-pages-blog-js","assets":[{"name":"framework-d91dc22f9c6070178d07.js","size":206120},{"name":"styles.96cd54c7fadcc17ec581.css","size":194443},{"name":"d5957709c26002ffb29a83b33063ab8ad5db6274-6c4c71f6d8e3710c6850.js","size":46149},{"name":"2a3314d782bb31842bfa8cb4a10c9f88dfb01d0c-d808a9bda9213c394dc2.js","size":58904},{"name":"9823def0f0e3e77a6a0a0a70a9634b9df29ec52f-cb5417298f917bb5188a.js","size":16205},{"name":"b4f28b8dde38944e0d9167a2fa550033034c9e0b-06bfa75be805d82f894b.js","size":14676},{"name":"component---src-pages-blog-js-79492fc87db8146fa8d3.js","size":1669}],"filteredAssets":0,"assetsSize":538166,"filteredAuxiliaryAssets":58,"auxiliaryAssetsSize":2233925},"component---src-pages-careers-js":{"name":"component---src-pages-careers-js","assets":[{"name":"framework-d91dc22f9c6070178d07.js","size":206120},{"name":"styles.96cd54c7fadcc17ec581.css","size":194443},{"name":"d5957709c26002ffb29a83b33063ab8ad5db6274-6c4c71f6d8e3710c6850.js","size":46149},{"name":"2a3314d782bb31842bfa8cb4a10c9f88dfb01d0c-d808a9bda9213c394dc2.js","size":58904},{"name":"eef47fdf38e98d55065738ed088684cbf747839b-eba9717e079cb941cd3c.js","size":76586},{"name":"component---src-pages-careers-js-de48eb4190b1e08dfb65.js","size":4099}],"filteredAssets":0,"assetsSize":586301,"filteredAuxiliaryAssets":57,"auxiliaryAssetsSize":2437294},"component---src-pages-contact-js":{"name":"component---src-pages-contact-js","assets":[{"name":"framework-d91dc22f9c6070178d07.js","size":206120},{"name":"styles.96cd54c7fadcc17ec581.css","size":194443},{"name":"d5957709c26002ffb29a83b33063ab8ad5db6274-6c4c71f6d8e3710c6850.js","size":46149},{"name":"2a3314d782bb31842bfa8cb4a10c9f88dfb01d0c-d808a9bda9213c394dc2.js","size":58904},{"name":"eef47fdf38e98d55065738ed088684cbf747839b-eba9717e079cb941cd3c.js","size":76586},{"name":"component---src-pages-contact-js-848b67c12866863d0525.js","size":2971}],"filteredAssets":0,"assetsSize":585173,"filteredAuxiliaryAssets":57,"auxiliaryAssetsSize":2428528},"component---src-pages-digital-transformation-js":{"name":"component---src-pages-digital-transformation-js","assets":[{"name":"framework-d91dc22f9c6070178d07.js","size":206120},{"name":"styles.96cd54c7fadcc17ec581.css","size":194443},{"name":"d5957709c26002ffb29a83b33063ab8ad5db6274-6c4c71f6d8e3710c6850.js","size":46149},{"name":"2a3314d782bb31842bfa8cb4a10c9f88dfb01d0c-d808a9bda9213c394dc2.js","size":58904},{"name":"component---src-pages-digital-transformation-js-ab09bf2d5812a1f10528.js","size":14607}],"filteredAssets":0,"assetsSize":520223,"filteredAuxiliaryAssets":56,"auxiliaryAssetsSize":2115296},"component---src-pages-index-js":{"name":"component---src-pages-index-js","assets":[{"name":"framework-d91dc22f9c6070178d07.js","size":206120},{"name":"styles.96cd54c7fadcc17ec581.css","size":194443},{"name":"d5957709c26002ffb29a83b33063ab8ad5db6274-6c4c71f6d8e3710c6850.js","size":46149},{"name":"2a3314d782bb31842bfa8cb4a10c9f88dfb01d0c-d808a9bda9213c394dc2.js","size":58904},{"name":"component---src-pages-index-js-5fb10911a38397be4f1e.js","size":8878}],"filteredAssets":0,"assetsSize":514494,"filteredAuxiliaryAssets":56,"auxiliaryAssetsSize":2109840},"component---src-pages-mobedo-story-js":{"name":"component---src-pages-mobedo-story-js","assets":[{"name":"framework-d91dc22f9c6070178d07.js","size":206120},{"name":"styles.96cd54c7fadcc17ec581.css","size":194443},{"name":"d5957709c26002ffb29a83b33063ab8ad5db6274-6c4c71f6d8e3710c6850.js","size":46149},{"name":"component---src-pages-mobedo-story-js-eac3037752f32e731b0f.js","size":4580}],"filteredAssets":0,"assetsSize":451292,"filteredAuxiliaryAssets":55,"auxiliaryAssetsSize":1816204},"component---src-pages-privacypolicy-js":{"name":"component---src-pages-privacypolicy-js","assets":[{"name":"framework-d91dc22f9c6070178d07.js","size":206120},{"name":"styles.96cd54c7fadcc17ec581.css","size":194443},{"name":"d5957709c26002ffb29a83b33063ab8ad5db6274-6c4c71f6d8e3710c6850.js","size":46149},{"name":"2a3314d782bb31842bfa8cb4a10c9f88dfb01d0c-d808a9bda9213c394dc2.js","size":58904},{"name":"component---src-pages-privacypolicy-js-9f1b6b432aadc36ba256.js","size":578}],"filteredAssets":0,"assetsSize":506194,"filteredAuxiliaryAssets":56,"auxiliaryAssetsSize":2081928},"component---src-pages-shared-services-js":{"name":"component---src-pages-shared-services-js","assets":[{"name":"framework-d91dc22f9c6070178d07.js","size":206120},{"name":"styles.96cd54c7fadcc17ec581.css","size":194443},{"name":"d5957709c26002ffb29a83b33063ab8ad5db6274-6c4c71f6d8e3710c6850.js","size":46149},{"name":"2a3314d782bb31842bfa8cb4a10c9f88dfb01d0c-d808a9bda9213c394dc2.js","size":58904},{"name":"component---src-pages-shared-services-js-7faabd8d3c5887c303b9.js","size":10941}],"filteredAssets":0,"assetsSize":516557,"filteredAuxiliaryAssets":56,"auxiliaryAssetsSize":2110623},"component---src-pages-starategy-js":{"name":"component---src-pages-starategy-js","assets":[{"name":"framework-d91dc22f9c6070178d07.js","size":206120},{"name":"styles.96cd54c7fadcc17ec581.css","size":194443},{"name":"d5957709c26002ffb29a83b33063ab8ad5db6274-6c4c71f6d8e3710c6850.js","size":46149},{"name":"2a3314d782bb31842bfa8cb4a10c9f88dfb01d0c-d808a9bda9213c394dc2.js","size":58904},{"name":"component---src-pages-starategy-js-9eb9c1246ea257bae3b1.js","size":12517}],"filteredAssets":0,"assetsSize":518133,"filteredAuxiliaryAssets":56,"auxiliaryAssetsSize":2111884},"component---src-pages-strategy-js":{"name":"component---src-pages-strategy-js","assets":[{"name":"framework-d91dc22f9c6070178d07.js","size":206120},{"name":"styles.96cd54c7fadcc17ec581.css","size":194443},{"name":"d5957709c26002ffb29a83b33063ab8ad5db6274-6c4c71f6d8e3710c6850.js","size":46149},{"name":"2a3314d782bb31842bfa8cb4a10c9f88dfb01d0c-d808a9bda9213c394dc2.js","size":58904},{"name":"component---src-pages-strategy-js-85956e7ddccf50740d64.js","size":12517}],"filteredAssets":0,"assetsSize":518133,"filteredAuxiliaryAssets":56,"auxiliaryAssetsSize":2111880},"component---src-pages-technology-js":{"name":"component---src-pages-technology-js","assets":[{"name":"framework-d91dc22f9c6070178d07.js","size":206120},{"name":"styles.96cd54c7fadcc17ec581.css","size":194443},{"name":"d5957709c26002ffb29a83b33063ab8ad5db6274-6c4c71f6d8e3710c6850.js","size":46149},{"name":"2a3314d782bb31842bfa8cb4a10c9f88dfb01d0c-d808a9bda9213c394dc2.js","size":58904},{"name":"component---src-pages-technology-js-cde83eb7816a8fcbf9fd.js","size":14012}],"filteredAssets":0,"assetsSize":519628,"filteredAuxiliaryAssets":56,"auxiliaryAssetsSize":2114767},"component---src-pages-using-typescript-tsx":{"name":"component---src-pages-using-typescript-tsx","assets":[{"name":"9823def0f0e3e77a6a0a0a70a9634b9df29ec52f-cb5417298f917bb5188a.js","size":16205},{"name":"component---src-pages-using-typescript-tsx-2f9b97cf148785549d09.js","size":1370}],"filteredAssets":0,"assetsSize":17575,"filteredAuxiliaryAssets":2,"auxiliaryAssetsSize":71050},"component---src-templates-blog-post-js":{"name":"component---src-templates-blog-post-js","assets":[{"name":"framework-d91dc22f9c6070178d07.js","size":206120},{"name":"styles.96cd54c7fadcc17ec581.css","size":194443},{"name":"d5957709c26002ffb29a83b33063ab8ad5db6274-6c4c71f6d8e3710c6850.js","size":46149},{"name":"2a3314d782bb31842bfa8cb4a10c9f88dfb01d0c-d808a9bda9213c394dc2.js","size":58904},{"name":"9823def0f0e3e77a6a0a0a70a9634b9df29ec52f-cb5417298f917bb5188a.js","size":16205},{"name":"b4f28b8dde38944e0d9167a2fa550033034c9e0b-06bfa75be805d82f894b.js","size":14676},{"name":"component---src-templates-blog-post-js-9c043c7c469e6886eb1e.js","size":1621}],"filteredAssets":0,"assetsSize":538118,"filteredAuxiliaryAssets":58,"auxiliaryAssetsSize":2234162}},"assetsByChunkName":{"polyfill":["webpack-runtime-f0a7e9988d1d240ad455.js","polyfill-67664a8ccc6c9f02b880.js"],"app":["webpack-runtime-f0a7e9988d1d240ad455.js","framework-d91dc22f9c6070178d07.js","styles.96cd54c7fadcc17ec581.css","app-4c40e0253dd9f6ba48dc.js"],"component---src-pages-404-js":["9823def0f0e3e77a6a0a0a70a9634b9df29ec52f-cb5417298f917bb5188a.js","component---src-pages-404-js-27981ca7dd461cb4280e.js"],"component---src-pages-about-js":["framework-d91dc22f9c6070178d07.js","styles.96cd54c7fadcc17ec581.css","d5957709c26002ffb29a83b33063ab8ad5db6274-6c4c71f6d8e3710c6850.js","2a3314d782bb31842bfa8cb4a10c9f88dfb01d0c-d808a9bda9213c394dc2.js","component---src-pages-about-js-357da4d2363a1577e43e.js"],"component---src-pages-blog-js":["framework-d91dc22f9c6070178d07.js","styles.96cd54c7fadcc17ec581.css","d5957709c26002ffb29a83b33063ab8ad5db6274-6c4c71f6d8e3710c6850.js","2a3314d782bb31842bfa8cb4a10c9f88dfb01d0c-d808a9bda9213c394dc2.js","9823def0f0e3e77a6a0a0a70a9634b9df29ec52f-cb5417298f917bb5188a.js","b4f28b8dde38944e0d9167a2fa550033034c9e0b-06bfa75be805d82f894b.js","component---src-pages-blog-js-79492fc87db8146fa8d3.js"],"component---src-pages-careers-js":["framework-d91dc22f9c6070178d07.js","styles.96cd54c7fadcc17ec581.css","d5957709c26002ffb29a83b33063ab8ad5db6274-6c4c71f6d8e3710c6850.js","2a3314d782bb31842bfa8cb4a10c9f88dfb01d0c-d808a9bda9213c394dc2.js","eef47fdf38e98d55065738ed088684cbf747839b-eba9717e079cb941cd3c.js","component---src-pages-careers-js-de48eb4190b1e08dfb65.js"],"component---src-pages-contact-js":["framework-d91dc22f9c6070178d07.js","styles.96cd54c7fadcc17ec581.css","d5957709c26002ffb29a83b33063ab8ad5db6274-6c4c71f6d8e3710c6850.js","2a3314d782bb31842bfa8cb4a10c9f88dfb01d0c-d808a9bda9213c394dc2.js","eef47fdf38e98d55065738ed088684cbf747839b-eba9717e079cb941cd3c.js","component---src-pages-contact-js-848b67c12866863d0525.js"],"component---src-pages-digital-transformation-js":["framework-d91dc22f9c6070178d07.js","styles.96cd54c7fadcc17ec581.css","d5957709c26002ffb29a83b33063ab8ad5db6274-6c4c71f6d8e3710c6850.js","2a3314d782bb31842bfa8cb4a10c9f88dfb01d0c-d808a9bda9213c394dc2.js","component---src-pages-digital-transformation-js-ab09bf2d5812a1f10528.js"],"component---src-pages-index-js":["framework-d91dc22f9c6070178d07.js","styles.96cd54c7fadcc17ec581.css","d5957709c26002ffb29a83b33063ab8ad5db6274-6c4c71f6d8e3710c6850.js","2a3314d782bb31842bfa8cb4a10c9f88dfb01d0c-d808a9bda9213c394dc2.js","component---src-pages-index-js-5fb10911a38397be4f1e.js"],"component---src-pages-mobedo-story-js":["framework-d91dc22f9c6070178d07.js","styles.96cd54c7fadcc17ec581.css","d5957709c26002ffb29a83b33063ab8ad5db6274-6c4c71f6d8e3710c6850.js","component---src-pages-mobedo-story-js-eac3037752f32e731b0f.js"],"component---src-pages-privacypolicy-js":["framework-d91dc22f9c6070178d07.js","styles.96cd54c7fadcc17ec581.css","d5957709c26002ffb29a83b33063ab8ad5db6274-6c4c71f6d8e3710c6850.js","2a3314d782bb31842bfa8cb4a10c9f88dfb01d0c-d808a9bda9213c394dc2.js","component---src-pages-privacypolicy-js-9f1b6b432aadc36ba256.js"],"component---src-pages-shared-services-js":["framework-d91dc22f9c6070178d07.js","styles.96cd54c7fadcc17ec581.css","d5957709c26002ffb29a83b33063ab8ad5db6274-6c4c71f6d8e3710c6850.js","2a3314d782bb31842bfa8cb4a10c9f88dfb01d0c-d808a9bda9213c394dc2.js","component---src-pages-shared-services-js-7faabd8d3c5887c303b9.js"],"component---src-pages-starategy-js":["framework-d91dc22f9c6070178d07.js","styles.96cd54c7fadcc17ec581.css","d5957709c26002ffb29a83b33063ab8ad5db6274-6c4c71f6d8e3710c6850.js","2a3314d782bb31842bfa8cb4a10c9f88dfb01d0c-d808a9bda9213c394dc2.js","component---src-pages-starategy-js-9eb9c1246ea257bae3b1.js"],"component---src-pages-strategy-js":["framework-d91dc22f9c6070178d07.js","styles.96cd54c7fadcc17ec581.css","d5957709c26002ffb29a83b33063ab8ad5db6274-6c4c71f6d8e3710c6850.js","2a3314d782bb31842bfa8cb4a10c9f88dfb01d0c-d808a9bda9213c394dc2.js","component---src-pages-strategy-js-85956e7ddccf50740d64.js"],"component---src-pages-technology-js":["framework-d91dc22f9c6070178d07.js","styles.96cd54c7fadcc17ec581.css","d5957709c26002ffb29a83b33063ab8ad5db6274-6c4c71f6d8e3710c6850.js","2a3314d782bb31842bfa8cb4a10c9f88dfb01d0c-d808a9bda9213c394dc2.js","component---src-pages-technology-js-cde83eb7816a8fcbf9fd.js"],"component---src-pages-using-typescript-tsx":["9823def0f0e3e77a6a0a0a70a9634b9df29ec52f-cb5417298f917bb5188a.js","component---src-pages-using-typescript-tsx-2f9b97cf148785549d09.js"],"component---src-templates-blog-post-js":["framework-d91dc22f9c6070178d07.js","styles.96cd54c7fadcc17ec581.css","d5957709c26002ffb29a83b33063ab8ad5db6274-6c4c71f6d8e3710c6850.js","2a3314d782bb31842bfa8cb4a10c9f88dfb01d0c-d808a9bda9213c394dc2.js","9823def0f0e3e77a6a0a0a70a9634b9df29ec52f-cb5417298f917bb5188a.js","b4f28b8dde38944e0d9167a2fa550033034c9e0b-06bfa75be805d82f894b.js","component---src-templates-blog-post-js-9c043c7c469e6886eb1e.js"]},"childAssetsByChunkName":{}}